{
	"version": "2.0.0",
	"tasks": [
		{
			"type": "cppbuild",
			"label": "C/C++: clang++ build active file",
			"command": "/usr/bin/clang++",
			"args": [
				"-g",
				"-lpthread",
				"-std=c++11",
				// "-lgomp",
				// "-fopenmp",
				"${file}",
				"-o",
				"${fileDirname}/${fileBasenameNoExtension}"
			],
			"options": {
				"cwd": "${workspaceFolder}"
			},
			"problemMatcher": [
				"$gcc"
			],
			"group": {
				"kind": "build",
				"isDefault": true
			},
			"detail": "compiler: /usr/bin/clang++"
		}
	]
}